K_服务数据单元_计算机科学技术,K_缓存_计算机科学技术
K_代数_数学,K_对偶定理_数学
K_乘法_数学,K_函数_数学
K_加法_数学,K_关联矩阵_数学
K_整除_数学,K_级数求和_数学
K_余数_数学,K_负整数_数学
K_运算_数学,K_随机变量_数学
K_加法_数学,K_小数点_数学
K_算术_数学,K_绝对值_数学
K_单向函数_计算机科学技术,K_消息鉴别码_计算机科学技术
K_信息交换_计算机科学技术,K_协议控制信息_计算机科学技术
K_传递函数_数学,K_区域_数学
K_配置项_计算机科学技术,K_访问路径_计算机科学技术
K_逻辑表达式_数学,K_传递函数_数学
K_部分和_数学,K_一元运算_数学
K_多项式_数学,K_微分方程_数学
K_信息交换_计算机科学技术,K_网络应用_计算机科学技术
K_网络互联_计算机科学技术,K_以太网_计算机科学技术
K_算法分析_计算机科学技术,K_分治_计算机科学技术
K_加数_数学,K_代数和_数学
K_网络体系结构_计算机科学技术,K_网络应用_计算机科学技术
K_乘法_数学,K_组合_数学
K_算术_数学,K_整除_数学
K_负整数_数学,K_区间_数学
K_运算_数学,K_组合_数学
K_网络互联_计算机科学技术,K_服务数据单元_计算机科学技术
K_代数_数学,K_一元运算_数学
K_自然对数_数学,K_对数正态分布_数学
K_乘法_数学,K_状态方程_数学
K_系统实施_计算机科学技术,K_编址_计算机科学技术
K_无向图_数学,K_有根树_数学
K_信息交换_计算机科学技术,K_传输层_计算机科学技术
K_意向锁_计算机科学技术,K_死锁预防_计算机科学技术
K_二进制_数学,K_信道容量_数学
K_实轴_数学,K_闭区间_数学
K_操作系统_计算机科学技术,K_应用服务器_计算机科学技术
K_网络体系结构_计算机科学技术,K_子网_计算机科学技术
K_大于_数学,K_极值_数学
K_运算_数学,K_分配律_数学
K_数据传送_计算机科学技术,K_异步传输_计算机科学技术
K_死锁预防_计算机科学技术,K_撤销_计算机科学技术
K_随机变量_数学,K_维纳过程_数学
K_信号处理_计算机科学技术,K_消息鉴别码_计算机科学技术
K_算术_数学,K_被加数_数学
K_信息分析_计算机科学技术,K_入侵防御系统_计算机科学技术
K_网络攻击_计算机科学技术,K_入侵防御系统_计算机科学技术
K_加法_数学,K_插值_数学
K_方程_数学,K_精确解_数学
K_定义_数学,K_共线_数学
K_函数_数学,K_约束条件_数学
K_网络体系结构_计算机科学技术,K_动态分配_计算机科学技术
K_实例_计算机科学技术,K_ML语言_计算机科学技术
K_无线局域网_计算机科学技术,K_虚拟世界_计算机科学技术
K_等于_数学,K_加法_数学
K_整数_数学,K_负号_数学
K_加数_数学,K_交换律_数学
K_数学_数学,K_二阶偏微分方程_数学
K_计算机科学_计算机科学技术,K_深度优先搜索_计算机科学技术
K_整数_数学,K_正整数_数学
K_计算机科学_计算机科学技术,K_数据组织_计算机科学技术
K_软件验证_计算机科学技术,K_不可抵赖_计算机科学技术
K_计算机_计算机科学技术,K_累加器_计算机科学技术
K_乘法_数学,K_立方_数学
K_数理逻辑_数学,K_引理_数学
K_计算机技术_计算机科学技术,K_路由信息协议_计算机科学技术
K_计算机_计算机科学技术,K_数据类型_计算机科学技术
K_协议数据单元_计算机科学技术,K_最大传输单元_计算机科学技术
K_程序设计_计算机科学技术,K_指令_计算机科学技术
K_算术_数学,K_加法_数学
K_计算_数学,K_阶乘_数学
K_计算_数学,K_整数_数学
K_计算机_计算机科学技术,K_死锁预防_计算机科学技术
K_数理逻辑_数学,K_一元运算_数学
K_逻辑符号_数学,K_布尔代数_数学
K_概率_数学,K_概率分布_数学
K_大数据_计算机科学技术,K_分布式计算_计算机科学技术
K_应用_计算机科学技术,K_商务智能_计算机科学技术
K_一元二次方程_数学,K_精确解_数学
K_IP地址_计算机科学技术,K_单臂路由器_计算机科学技术
K_数学_数学,K_图论_数学
K_无线局域网_计算机科学技术,K_地址解析_计算机科学技术
K_运算_数学,K_代入_数学
K_数据库索引_计算机科学技术,K_查询优化_计算机科学技术
K_密码_数学,K_译码器_数学
K_直线_数学,K_线性关系_数学
K_运算_数学,K_余数_数学
K_图论_数学,K_邻接矩阵_数学
K_抽象数据类型_计算机科学技术,K_森林_计算机科学技术
K_栈底_计算机科学技术,K_中序遍历_计算机科学技术
K_算法正确性_计算机科学技术,K_递归调用_计算机科学技术
K_决策_数学,K_枚举_数学
K_基本运算_数学,K_分配律_数学
K_指数_数学,K_级数求和_数学
K_数据流_计算机科学技术,K_资源共享_计算机科学技术
K_余数_数学,K_等价类_数学
K_基本运算_数学,K_绝对值_数学
K_等于_数学,K_方程_数学
K_一元运算_数学,K_阶乘_数学
K_输入向量_数学,K_邻边_数学
K_排序问题_数学,K_图论_数学
K_运算_数学,K_交换律_数学
K_密码_数学,K_循环码_数学
K_代数的_数学,K_组合逻辑_数学
K_指数_数学,K_指数和_数学
K_迭代_计算机科学技术,K_二路归并_计算机科学技术
K_运算_数学,K_等价类_数学
K_初始状态_计算机科学技术,K_画家算法_计算机科学技术
K_反例_数学,K_有效性_数学
K_实例_计算机科学技术,K_赋值语句_计算机科学技术
K_负号_数学,K_逻辑表达式_数学
K_计算_数学,K_下界_数学
K_数字签名_计算机科学技术,K_路由信息协议_计算机科学技术
K_符号_数学,K_逻辑运算_数学
K_关系代数_计算机科学技术,K_活动图_计算机科学技术
K_地址解析_计算机科学技术,K_冲突避免_计算机科学技术
K_算术_数学,K_临界值_数学
K_指令_计算机科学技术,K_并运算_计算机科学技术
K_计算机技术_计算机科学技术,K_上传_计算机科学技术
K_网络应用_计算机科学技术,K_入侵防御系统_计算机科学技术
K_计算科学_计算机科学技术,K_分治_计算机科学技术
K_程序设计_计算机科学技术,K_数组_计算机科学技术
K_减法_数学,K_插值_数学
K_程序设计_计算机科学技术,K_线性结构_计算机科学技术
K_定义_数学,K_实轴_数学
K_矩阵表示_数学,K_连通图_数学
K_协议控制信息_计算机科学技术,K_资源共享_计算机科学技术
K_程序设计_计算机科学技术,K_信号处理_计算机科学技术
K_数据传送_计算机科学技术,K_公开密钥加密_计算机科学技术
K_算法_数学,K_迭代循环_数学
K_线性表_计算机科学技术,K_先进先出_计算机科学技术
K_协议族_计算机科学技术,K_IP地址_计算机科学技术
K_常数_数学,K_计算效率_数学
K_网络体系结构_计算机科学技术,K_最大传输单元_计算机科学技术
K_双向通信_数学,K_和校验_数学
K_链式法则_数学,K_维纳过程_数学
K_最终用户_计算机科学技术,K_数字签名_计算机科学技术
K_正数_数学,K_绝对值_数学
K_基本运算_数学,K_赋值_数学
K_计算机科学_计算机科学技术,K_左值_计算机科学技术
K_编址_计算机科学技术,K_开放系统互连_计算机科学技术
K_网络地址转换_计算机科学技术,K_网络攻击_计算机科学技术
K_协议数据单元_计算机科学技术,K_数据流_计算机科学技术
K_差错检验_计算机科学技术,K_消息鉴别码_计算机科学技术
K_图论_数学,K_划分_数学
K_顺序存储_计算机科学技术,K_存取时间_计算机科学技术
K_指令_计算机科学技术,K_撤销_计算机科学技术
K_逻辑运算_数学,K_结合律_数学
K_地址_计算机科学技术,K_非线性结构_计算机科学技术
K_计算科学_计算机科学技术,K_算法正确性_计算机科学技术
K_计算机科学_计算机科学技术,K_顺序查找_计算机科学技术
K_程序设计_计算机科学技术,K_地址解析_计算机科学技术
K_代数_数学,K_行迭代_数学
K_代数的_数学,K_传递函数_数学
K_信号处理_计算机科学技术,K_即时通信_计算机科学技术
K_系统实现_计算机科学技术,K_扩展服务集_计算机科学技术
K_计算机科学_计算机科学技术,K_递归算法_计算机科学技术
K_线性回归_数学,K_无偏估计_数学
K_叶节点_计算机科学技术,K_后序遍历_计算机科学技术
K_访问控制_计算机科学技术,K_开放系统互连_计算机科学技术
K_数据封装_计算机科学技术,K_开放系统互连_计算机科学技术
K_编址_计算机科学技术,K_互连网络_计算机科学技术
K_数据通信_数学,K_传输速率_数学
K_算术_数学,K_除法_数学
K_队列_计算机科学技术,K_路由信息协议_计算机科学技术
K_参数_数学,K_状态方程_数学
K_编址_计算机科学技术,K_访问控制列表_计算机科学技术
K_操作系统_计算机科学技术,K_最大传输单元_计算机科学技术
K_运算_数学,K_概率分布_数学
K_操作系统_计算机科学技术,K_存取时间_计算机科学技术
K_无线局域网_计算机科学技术,K_数字用户线接入复用器_计算机科学技术
K_计算机_计算机科学技术,K_互连网络_计算机科学技术
K_整数_数学,K_实根_数学
K_入度_计算机科学技术,K_图的遍历_计算机科学技术
K_正整数_数学,K_矩阵表示_数学
K_直线_数学,K_对角线_数学
K_队列_计算机科学技术,K_图的遍历_计算机科学技术
K_数据类型_计算机科学技术,K_数据传送_计算机科学技术
K_互联网_计算机科学技术,K_远程访问_计算机科学技术
K_加法_数学,K_乘法_数学
K_等于_数学,K_加法_数学
K_函数_数学,K_概率分布_数学
K_传输层_计算机科学技术,K_异步传输_计算机科学技术
K_比特_数学,K_传输速率_数学
K_无穷小_数学,K_极限定理_数学
K_基本运算_数学,K_译码器_数学
K_连续函数_数学,K_概率测度_数学
K_算术_数学,K_线性关系_数学
K_数量级_数学,K_浮点数_数学
K_小数点_数学,K_参数_数学
K_即时通信_计算机科学技术,K_基本服务区_计算机科学技术
K_输入输出_计算机科学技术,K_软件_计算机科学技术
K_用户标识_计算机科学技术,K_域名_计算机科学技术
K_指数_数学,K_影响函数_数学
K_负号_数学,K_状态方程_数学
K_运算_数学,K_组合逻辑_数学
K_互联网_计算机科学技术,K_查找_计算机科学技术
K_计算机技术_计算机科学技术,K_安装_计算机科学技术
K_访问控制_计算机科学技术,K_冲突避免_计算机科学技术
K_网络体系结构_计算机科学技术,K_时间戳_计算机科学技术
K_数学_数学,K_反例_数学
K_孩子_计算机科学技术,K_出度_计算机科学技术
K_等于_数学,K_语句_数学
K_传输层_计算机科学技术,K_冲突避免_计算机科学技术
K_地址_计算机科学技术,K_协议数据单元_计算机科学技术
K_通项_数学,K_迭代循环_数学
K_计算科学_计算机科学技术,K_左值_计算机科学技术
K_互连网络_计算机科学技术,K_连接点_计算机科学技术
K_度量_数学,K_积分_数学
K_数字签名_计算机科学技术,K_单向鉴别_计算机科学技术
K_网络互联_计算机科学技术,K_连接点_计算机科学技术
K_代数_数学,K_排列_数学
K_数学_数学,K_比例常数_数学
K_关联矩阵_计算机科学技术,K_传递函数_计算机科学技术
K_象限_数学,K_函数_数学
K_算术_数学,K_一元运算_数学
K_正数_数学,K_度量_数学
K_共线_数学,K_线性关系_数学
K_数组_计算机科学技术,K_空串_计算机科学技术
K_操作系统_计算机科学技术,K_累加器_计算机科学技术
K_运算_数学,K_阶乘_数学
K_通项_数学,K_调和级数_数学
K_计算机_计算机科学技术,K_栈底_计算机科学技术
K_网络体系结构_计算机科学技术,K_查找_计算机科学技术
K_代数_数学,K_乘法_数学
K_逻辑运算_数学,K_竞争_数学
K_基本运算_数学,K_逻辑表达式_数学
K_数理逻辑_数学,K_等价类_数学
K_算术_数学,K_线性关系_数学
K_IP地址_计算机科学技术,K_网络攻击_计算机科学技术
K_赋值语句_计算机科学技术,K_递归调用_计算机科学技术
K_计算机科学_计算机科学技术,K_跟踪_计算机科学技术
K_乘法_数学,K_反函数_数学
K_代数_数学,K_部分和_数学
K_实轴_数学,K_遍历过程_数学
K_计算机科学_计算机科学技术,K_查找_计算机科学技术
K_计算_数学,K_循环模_数学
K_系统实现_计算机科学技术,K_缓冲_计算机科学技术
K_计算_数学,K_动态规划_数学
K_乘法_数学,K_有效解_数学
K_多项式_数学,K_等于_数学
K_加法_数学,K_数值计算_数学
K_计算机技术_计算机科学技术,K_网上银行_计算机科学技术
K_代数的_数学,K_正弦_数学
K_数据差错_计算机科学技术,K_冲突避免_计算机科学技术
K_控制系统_计算机科学技术,K_状态方程_计算机科学技术
K_连通图_数学,K_全图_数学
K_队列_计算机科学技术,K_队头_计算机科学技术
K_状态方程_数学,K_行迭代_数学
K_函数_数学,K_插值_数学
K_网络体系结构_计算机科学技术,K_互连网络_计算机科学技术
K_计算机_计算机科学技术,K_时钟周期_计算机科学技术
K_数据传送_计算机科学技术,K_服务数据单元_计算机科学技术
K_整数_数学,K_微分_数学
K_协议族_计算机科学技术,K_标识符_计算机科学技术
K_范围查询_计算机科学技术,K_查询表达式_计算机科学技术
K_纵坐标_数学,K_象限_数学
K_算术_数学,K_正数_数学
K_加法_数学,K_迭代循环_数学
K_无线局域网_计算机科学技术,K_单向鉴别_计算机科学技术
K_计算机_计算机科学技术,K_标识符_计算机科学技术
K_广域网_计算机科学技术,K_网络地址转换_计算机科学技术
K_算法分析_计算机科学技术,K_二路归并_计算机科学技术
K_计算科学_计算机科学技术,K_选择排序_计算机科学技术
K_拟合_数学,K_计算_数学
K_结构图_计算机科学技术,K_连接点_计算机科学技术
K_网络体系结构_计算机科学技术,K_逻辑地址_计算机科学技术
K_计算机_计算机科学技术,K_服务数据单元_计算机科学技术
K_数据通道_计算机科学技术,K_单模光纤_计算机科学技术
K_运算_数学,K_调和级数_数学
K_服务数据单元_计算机科学技术,K_数据转换_计算机科学技术
K_软件_计算机科学技术,K_基本输入输出系统_计算机科学技术
K_基本运算_数学,K_对偶定理_数学
K_数据流_计算机科学技术,K_地址_计算机科学技术
K_定义_数学,K_数理逻辑_数学
K_减法_数学,K_循环模_数学
K_代数_数学,K_方程_数学
K_网络互联_计算机科学技术,K_上传_计算机科学技术
K_互联网_计算机科学技术,K_访问控制_计算机科学技术
K_排序_计算机科学技术,K_查询优化_计算机科学技术
K_数据传送_计算机科学技术,K_允许发送_计算机科学技术
K_计算机技术_计算机科学技术,K_漫游_计算机科学技术
K_代数_数学,K_参数_数学
K_减法_数学,K_数值计算_数学
K_组合逻辑_计算机科学技术,K_编码器_计算机科学技术
K_传输层_计算机科学技术,K_差错检验_计算机科学技术
K_等于_数学,K_代入_数学
K_代数_数学,K_蕴涵_数学
K_计算科学_计算机科学技术,K_邻接表_计算机科学技术
K_代数的_数学,K_概率_数学
K_被加数_数学,K_编码器_数学
K_相等_数学,K_大于_数学
K_除法_数学,K_指数_数学
K_离差_数学,K_差错控制_数学
K_计算机科学_计算机科学技术,K_空串_计算机科学技术
K_数学_数学,K_配对_数学
K_整除_数学,K_公共因子_数学
K_地址空间_计算机科学技术,K_标识_计算机科学技术
K_代数_数学,K_控制变量_数学
K_计算机科学_计算机科学技术,K_缓存_计算机科学技术
K_数据对象_计算机科学技术,K_外模式_计算机科学技术
K_整数_数学,K_多项式_数学
K_数理逻辑_数学,K_常数_数学
K_字符串_计算机科学技术,K_域名_计算机科学技术
K_等式_数学,K_公式_数学
K_等于_数学,K_差错控制_数学
K_整数_数学,K_动态规划_数学
K_代数_数学,K_几何分布_数学
K_传输层_计算机科学技术,K_IP地址_计算机科学技术
K_开放系统互连_计算机科学技术,K_数据传送_计算机科学技术
K_远程访问_计算机科学技术,K_报文交换_计算机科学技术
K_图形_计算机科学技术,K_连通域_计算机科学技术
K_整数_数学,K_调和级数_数学
K_计算效率_数学,K_数据结构_数学
K_广域网_计算机科学技术,K_数据网络_计算机科学技术
K_概率分布_数学,K_线性回归_数学
K_网络互联_计算机科学技术,K_单播_计算机科学技术
K_允许发送_计算机科学技术,K_访问控制_计算机科学技术
K_数据网络_计算机科学技术,K_资源共享_计算机科学技术
K_运算_数学,K_动态规划_数学
K_数学_数学,K_阶乘_数学
K_二分搜索_计算机科学技术,K_数据库索引_计算机科学技术
K_互连网络_计算机科学技术,K_异步传输_计算机科学技术
K_区间_数学,K_微分_数学
K_充分条件_数学,K_当且仅当_数学
K_除法_数学,K_算法_数学
K_服务器_计算机科学技术,K_进程间通信_计算机科学技术
K_蕴涵_数学,K_子集_数学
K_乘法_数学,K_整除_数学
K_数组_计算机科学技术,K_层次遍历_计算机科学技术
K_计算机_计算机科学技术,K_缓冲_计算机科学技术
K_物理结构_计算机科学技术,K_非屏蔽双绞线_计算机科学技术
K_被加数_数学,K_组合逻辑_数学
K_算法分析_计算机科学技术,K_抽象数据类型_计算机科学技术
K_计算机科学_计算机科学技术,K_平均查找长度_计算机科学技术
K_开放系统互连_计算机科学技术,K_域名_计算机科学技术
K_赋值语句_计算机科学技术,K_源程序_计算机科学技术
K_数理逻辑_数学,K_属于_数学
K_计算_数学,K_线性关系_数学
K_数学_数学,K_聚合_数学
K_计算_数学,K_减法_数学
K_允许发送_计算机科学技术,K_进程间通信_计算机科学技术
K_代数的_数学,K_下界_数学
K_数学_数学,K_行迭代_数学
K_计算机科学_计算机科学技术,K_分治_计算机科学技术
K_代数_数学,K_二进制_数学
K_路由信息协议_计算机科学技术,K_编址_计算机科学技术
K_计算机_计算机科学技术,K_实例_计算机科学技术
K_计算机科学_计算机科学技术,K_递归算法_计算机科学技术
K_计算_数学,K_部分和_数学
K_数学_数学,K_整数_数学
K_代数_数学,K_实根_数学
K_计算科学_计算机科学技术,K_源程序_计算机科学技术
K_地址_计算机科学技术,K_地址空间_计算机科学技术
K_计算机_计算机科学技术,K_快速以太网_计算机科学技术
K_邻接矩阵_数学,K_自环_数学
K_计算机科学_计算机科学技术,K_更新_计算机科学技术
K_代数和_数学,K_小数点_数学
K_下界_数学,K_数值计算_数学
K_连通性_计算机科学技术,K_连通图_计算机科学技术
K_缓存_计算机科学技术,K_缓冲_计算机科学技术
K_队列_计算机科学技术,K_队尾_计算机科学技术
K_以太网_计算机科学技术,K_传输层_计算机科学技术
K_算法_数学,K_迭代循环_数学
K_算术_数学,K_绝对值_数学
K_二进制_数学,K_译码_数学
K_计算机_计算机科学技术,K_子网_计算机科学技术
K_运算_数学,K_反函数_数学
K_基本运算_数学,K_逻辑运算_数学
K_孩子_计算机科学技术,K_后序遍历_计算机科学技术
K_计算_数学,K_余数_数学
K_IP地址_计算机科学技术,K_路由信息协议_计算机科学技术
K_计算_数学,K_方程_数学
K_除法_数学,K_余数_数学
K_迭代_计算机科学技术,K_后序遍历_计算机科学技术
K_队列_计算机科学技术,K_队头_计算机科学技术
K_乘法_数学,K_阶乘_数学
K_正数_数学,K_绝对值_数学
K_迭代循环_数学,K_级数求和_数学
K_网络体系结构_计算机科学技术,K_子网_计算机科学技术
K_IP地址_计算机科学技术,K_访问控制_计算机科学技术
K_基本运算_数学,K_逻辑运算_数学
K_乘法_数学,K_数值计算_数学
K_IP地址_计算机科学技术,K_远程访问_计算机科学技术
K_IP地址_计算机科学技术,K_访问控制列表_计算机科学技术
K_IP地址_计算机科学技术,K_网络攻击_计算机科学技术
K_基本运算_数学,K_结合律_数学
K_路由信息协议_计算机科学技术,K_子网_计算机科学技术
K_数学_数学,K_正整数_数学
K_以太网_计算机科学技术,K_无线局域网_计算机科学技术
K_整数_数学,K_负整数_数学
K_IP地址_计算机科学技术,K_网络攻击_计算机科学技术
K_队列_计算机科学技术,K_队头_计算机科学技术
K_祖先_计算机科学技术,K_森林_计算机科学技术
K_加法_数学,K_算法_数学
K_互联网_计算机科学技术,K_远程访问_计算机科学技术
K_操作系统_计算机科学技术,K_网上银行_计算机科学技术
K_互连网络_计算机科学技术,K_子网_计算机科学技术
K_加法_数学,K_减法_数学
K_传输层_计算机科学技术,K_IP地址_计算机科学技术
K_加法_数学,K_交换律_数学
K_算法_数学,K_排序问题_数学
K_方程_数学,K_约束条件_数学
K_乘法_数学,K_阶乘_数学
K_数学_数学,K_多项式_数学
K_IP地址_计算机科学技术,K_无线局域网_计算机科学技术
K_运算_数学,K_绝对值_数学
K_排序_计算机科学技术,K_二路归并_计算机科学技术
K_算法_数学,K_树算法_数学
K_IP地址_计算机科学技术,K_即时通信_计算机科学技术
K_地址_计算机科学技术,K_以太网_计算机科学技术
K_计算_数学,K_方程_数学
K_单播_计算机科学技术,K_地址解析_计算机科学技术
K_整数_数学,K_阶乘_数学
K_二进制_数学,K_数据传输_数学
K_哈希函数_计算机科学技术,K_查询表达式_计算机科学技术
K_计算机技术_计算机科学技术,K_进程间通信_计算机科学技术
K_计算机技术_计算机科学技术,K_无线局域网_计算机科学技术
K_数据类型_计算机科学技术,K_码元_计算机科学技术
K_常数_数学,K_多项式_数学
K_正数_数学,K_绝对值_数学
K_迭代循环_数学,K_级数求和_数学
K_数据传输_数学,K_传输速率_数学
K_计算机_计算机科学技术,K_互联网_计算机科学技术
K_计算_数学,K_整除_数学
K_以太网_计算机科学技术,K_交换式以太网_计算机科学技术
K_IP地址_计算机科学技术,K_单臂路由器_计算机科学技术
K_互联网_计算机科学技术,K_网络攻击_计算机科学技术
K_迭代_计算机科学技术,K_广度优先搜索_计算机科学技术
K_计算机_计算机科学技术,K_IP地址_计算机科学技术
K_概率分布_数学,K_对数正态分布_数学
K_以太网_计算机科学技术,K_单臂路由器_计算机科学技术
K_符号_数学,K_逻辑符号_数学
K_以太网_计算机科学技术,K_上传_计算机科学技术
K_一元运算_数学,K_阶乘_数学
K_数据传输_数学,K_传输速率_数学
K_计算机_计算机科学技术,K_查找_计算机科学技术
K_无向图_数学,K_邻边_数学
K_算术_数学,K_减法_数学
K_状态_计算机科学技术,K_连通性_计算机科学技术
K_概率分布_数学,K_标准正态分布_数学
K_查找_计算机科学技术,K_选择排序_计算机科学技术
K_多项式_数学,K_幂集_数学
K_结构图_计算机科学技术,K_非屏蔽双绞线_计算机科学技术
K_计算机技术_计算机科学技术,K_智能农业_计算机科学技术
K_计算机_计算机科学技术,K_以太网_计算机科学技术
K_IP地址_计算机科学技术,K_动态分配_计算机科学技术
K_队列_计算机科学技术,K_队尾_计算机科学技术
K_计算_数学,K_阶乘_数学
K_地址空间_计算机科学技术,K_绝对地址_计算机科学技术
K_算法_数学,K_阶乘_数学
K_地址空间_计算机科学技术,K_隔离性_计算机科学技术
K_非线性结构_计算机科学技术,K_层次遍历_计算机科学技术
K_方法_计算机科学技术,K_广度优先搜索_计算机科学技术
K_基本运算_数学,K_分配律_数学
K_以太网_计算机科学技术,K_网络地址转换_计算机科学技术
K_二进制_数学,K_数据传输_数学
K_算法_数学,K_计算效率_数学
K_数据封装_计算机科学技术,K_最大传输单元_计算机科学技术
K_队列_计算机科学技术,K_先进先出_计算机科学技术
K_排序_计算机科学技术,K_选择排序_计算机科学技术
K_IP地址_计算机科学技术,K_网络地址转换_计算机科学技术
K_充分条件_数学,K_充要条件_数学
K_数学_数学,K_排列_数学
K_数据通信_数学,K_双向通信_数学
K_以太网_计算机科学技术,K_快速以太网_计算机科学技术
K_计算机技术_计算机科学技术,K_网络应用_计算机科学技术
K_数据通信_数学,K_传输速率_数学
K_矩阵表示_数学,K_邻接矩阵_数学
K_邻接表_计算机科学技术,K_入度_计算机科学技术
K_整数_数学,K_正整数_数学
K_网络应用_计算机科学技术,K_无线局域网_计算机科学技术
K_互联网_计算机科学技术,K_协议数据单元_计算机科学技术
K_加法_数学,K_乘法_数学
K_整数_数学,K_实根_数学
K_路由信息协议_计算机科学技术,K_单播_计算机科学技术
K_直线_数学,K_射线_数学
K_数据组织_计算机科学技术,K_顺序存储_计算机科学技术
K_正数_数学,K_正整数_数学
K_数据结构_数学,K_列表_数学
K_整数_数学,K_整除_数学
K_网络体系结构_计算机科学技术,K_协议控制信息_计算机科学技术
K_IP地址_计算机科学技术,K_路由信息协议_计算机科学技术
K_算术_数学,K_基本运算_数学
K_IP地址_计算机科学技术,K_地址解析_计算机科学技术
K_服务器_计算机科学技术,K_应用服务器_计算机科学技术
K_图论_数学,K_邻接矩阵_数学
K_基本运算_数学,K_分配律_数学
K_孩子_计算机科学技术,K_中序遍历_计算机科学技术
K_基本运算_数学,K_代数和_数学
K_基本运算_数学,K_布尔代数_数学
K_数学_数学,K_度量_数学
K_直线_数学,K_平行线_数学
K_信息交换_计算机科学技术,K_IP地址_计算机科学技术
K_代数的_数学,K_整的_数学
K_倍数_数学,K_倍式_数学
K_函数_数学,K_影响函数_数学
K_区间_数学,K_插值_数学
K_邻接表_计算机科学技术,K_广度优先搜索_计算机科学技术
K_计算科学_计算机科学技术,K_计算机_计算机科学技术
K_整数_数学,K_除法_数学
K_数据通信_数学,K_差错控制_数学
K_运算_数学,K_多项式_数学
K_互联网_计算机科学技术,K_子网_计算机科学技术
K_运算_数学,K_阶乘_数学
K_计算机_计算机科学技术,K_地址空间_计算机科学技术
K_运算_数学,K_减法_数学
K_计算机技术_计算机科学技术,K_程序设计_计算机科学技术
K_整数_数学,K_负整数_数学
K_直线_数学,K_线段_数学
K_祖先_计算机科学技术,K_中序遍历_计算机科学技术
K_数学_数学,K_归纳证明_数学
K_数据通信_数学,K_差错控制_数学
K_以太网_计算机科学技术,K_基本服务区_计算机科学技术
K_运算_数学,K_分配律_数学
K_代数_数学,K_逻辑运算_数学
K_互联网_计算机科学技术,K_远程访问_计算机科学技术
K_计算机技术_计算机科学技术,K_异步传输_计算机科学技术
K_地址_计算机科学技术,K_物理结构_计算机科学技术
K_运算_数学,K_多项式_数学
K_概率测度_数学,K_概率分布_数学
K_数学_数学,K_整数_数学
K_排序_计算机科学技术,K_选择排序_计算机科学技术
K_约束_数学,K_约束条件_数学
K_运算_数学,K_阶乘_数学
K_计算机技术_计算机科学技术,K_开放系统互连_计算机科学技术
K_向量_数学,K_输入向量_数学
K_数据通信_数学,K_传输速率_数学
K_运算_数学,K_组合逻辑_数学
K_计算_数学,K_指数_数学
K_算法_数学,K_树算法_数学
K_IP地址_计算机科学技术,K_子网_计算机科学技术
K_区间_数学,K_极值_数学
K_加法_数学,K_除法_数学
K_计算机_计算机科学技术,K_以太网_计算机科学技术
K_基本运算_数学,K_反函数_数学
K_以太网_计算机科学技术,K_域名_计算机科学技术
K_区间_数学,K_闭区间_数学
K_函数_数学,K_反函数_数学
K_叶节点_计算机科学技术,K_B+树_计算机科学技术
K_基本运算_数学,K_加法_数学
K_二进制_数学,K_逻辑运算_数学
K_计算_数学,K_除法_数学
K_排序_计算机科学技术,K_插入排序_计算机科学技术
K_无线局域网_计算机科学技术,K_异步传输_计算机科学技术
K_算术_数学,K_一元运算_数学
K_计算机技术_计算机科学技术,K_编址_计算机科学技术
K_字符串_计算机科学技术,K_空串_计算机科学技术
K_整的_数学,K_正整数_数学
K_整数_数学,K_余数_数学
K_互联网_计算机科学技术,K_大数据_计算机科学技术
K_计算机技术_计算机科学技术,K_互联网_计算机科学技术
K_互连网络_计算机科学技术,K_网络攻击_计算机科学技术
K_整数_数学,K_阶乘_数学
K_整除_数学,K_浮点数_数学
K_区间_数学,K_开区间_数学
K_顺序查找_计算机科学技术,K_平均查找长度_计算机科学技术
K_正整数_数学,K_整除_数学
K_算法_数学,K_递归函数_数学
K_方法_计算机科学技术,K_深度优先搜索_计算机科学技术
K_运算_数学,K_方程_数学
K_基本运算_数学,K_交换律_数学
K_网络体系结构_计算机科学技术,K_服务器_计算机科学技术
K_网络互联_计算机科学技术,K_服务器_计算机科学技术
K_存储空间_数学,K_数据传输_数学
K_队头_计算机科学技术,K_先进先出_计算机科学技术
K_向量_数学,K_病态_数学
K_减法_数学,K_下界_数学
K_小于_数学,K_约束条件_数学
K_计算机技术_计算机科学技术,K_协议控制信息_计算机科学技术
K_代数_数学,K_代数和_数学
K_计算机_计算机科学技术,K_内存索引_计算机科学技术
K_地址_计算机科学技术,K_交换式以太网_计算机科学技术
K_孩子_计算机科学技术,K_中序遍历_计算机科学技术
K_正数_数学,K_比特_数学
K_以太网_计算机科学技术,K_网络规模_计算机科学技术
K_算术_数学,K_二进制_数学
K_容量_数学,K_存储容量_数学
K_以太网_计算机科学技术,K_IP地址_计算机科学技术
K_二进制_数学,K_逻辑运算_数学
K_互联网_计算机科学技术,K_动态分配_计算机科学技术
K_运算_数学,K_概率_数学
K_代数_数学,K_布尔代数_数学
K_等于_数学,K_阶乘_数学
K_后进先出_计算机科学技术,K_栈顶_计算机科学技术
K_数据传送_计算机科学技术,K_以太网_计算机科学技术
K_余数_数学,K_整除_数学
K_方法_计算机科学技术,K_深度优先搜索_计算机科学技术
K_代数_数学,K_输出方程_数学
K_访问控制列表_计算机科学技术,K_网络攻击_计算机科学技术
K_向量_数学,K_输入向量_数学
K_代数的_数学,K_级数求和_数学
K_无线局域网_计算机科学技术,K_冲突检测_计算机科学技术
K_代数_数学,K_逻辑运算_数学
K_运算_数学,K_数值计算_数学
K_地址空间_计算机科学技术,K_操作数_计算机科学技术
K_计算机_计算机科学技术,K_数据转换_计算机科学技术
K_余数_数学,K_整除_数学
K_迭代_计算机科学技术,K_广度优先搜索_计算机科学技术
K_以太网_计算机科学技术,K_漫游_计算机科学技术
K_迭代_计算机科学技术,K_递归调用_计算机科学技术
K_邻接表_计算机科学技术,K_出度_计算机科学技术
K_代数_数学,K_插值_数学
K_操作系统_计算机科学技术,K_指令_计算机科学技术
K_单臂路由器_计算机科学技术,K_地址解析_计算机科学技术
K_一元运算_数学,K_减法_数学
K_传输层_计算机科学技术,K_编址_计算机科学技术
K_数据加密标准_计算机科学技术,K_单向鉴别_计算机科学技术
K_代数_数学,K_偶数_数学
K_网络体系结构_计算机科学技术,K_拒绝服务_计算机科学技术
K_加法_数学,K_数值计算_数学
K_乘法_数学,K_逻辑运算_数学
K_队列_计算机科学技术,K_先进先出_计算机科学技术
K_网络体系结构_计算机科学技术,K_协议族_计算机科学技术
K_比特_数学,K_数据传输_数学
K_二分搜索_计算机科学技术,K_内存索引_计算机科学技术
K_编址_计算机科学技术,K_以太网_计算机科学技术
K_代数_数学,K_代数的_数学
K_计算机_计算机科学技术,K_查询表达式_计算机科学技术
K_坐标轴_数学,K_度量_数学
K_算术_数学,K_插值_数学
K_运算_数学,K_二进制_数学
K_数学_数学,K_偶数_数学
K_叶节点_计算机科学技术,K_四叉树_计算机科学技术
K_密钥长度_计算机科学技术,K_消息鉴别码_计算机科学技术
K_网络体系结构_计算机科学技术,K_开放系统互连_计算机科学技术
K_基本运算_数学,K_反变_数学
K_服务数据单元_计算机科学技术,K_传输层_计算机科学技术
K_迭代_计算机科学技术,K_中序遍历_计算机科学技术
K_传输层_计算机科学技术,K_远程访问_计算机科学技术
K_运算_数学,K_正数_数学
K_消息鉴别码_计算机科学技术,K_IP地址_计算机科学技术
K_逻辑地址_计算机科学技术,K_传输层_计算机科学技术
K_图论_数学,K_连通性_数学
K_多项式_数学,K_级数求和_数学
K_整数_数学,K_函数_数学
K_子集_数学,K_点划分_数学
K_无线局域网_计算机科学技术,K_冲突检测_计算机科学技术
K_指令_计算机科学技术,K_任务_计算机科学技术
K_迭代_计算机科学技术,K_后序遍历_计算机科学技术
K_数据组织_计算机科学技术,K_抽象数据类型_计算机科学技术
K_代数_数学,K_运算_数学
K_数据组织_计算机科学技术,K_线性结构_计算机科学技术
K_代数_数学,K_奇偶性_数学
K_函数_数学,K_约束条件_数学
K_二进制_数学,K_循环码_数学
K_IP地址_计算机科学技术,K_虚拟世界_计算机科学技术
K_整数_数学,K_量化_数学
K_数据结构_数学,K_列表_数学
K_以太网_计算机科学技术,K_网络应用_计算机科学技术
K_图论_数学,K_有根树_数学
K_算术_数学,K_加数_数学
K_入侵防御系统_计算机科学技术,K_拒绝服务_计算机科学技术
K_无线局域网_计算机科学技术,K_子网_计算机科学技术
K_运算_数学,K_约束条件_数学
K_计算_数学,K_数据传输_数学
K_以太网_计算机科学技术,K_虚拟世界_计算机科学技术
K_数据结构_计算机科学技术,K_向量_计算机科学技术
K_程序设计_计算机科学技术,K_递归算法_计算机科学技术
K_代数_数学,K_插值_数学
K_顺序存储_计算机科学技术,K_直接存取_计算机科学技术
K_数据封装_计算机科学技术,K_服务器_计算机科学技术
K_加法_数学,K_减法_数学
K_区间_数学,K_插值_数学
K_互联网_计算机科学技术,K_IP地址_计算机科学技术
K_数据传送_计算机科学技术,K_单向鉴别_计算机科学技术
K_计算机技术_计算机科学技术,K_基本输入输出系统_计算机科学技术
K_迭代_计算机科学技术,K_中序遍历_计算机科学技术
K_无线局域网_计算机科学技术,K_虚拟世界_计算机科学技术
K_网络互联_计算机科学技术,K_子网_计算机科学技术
K_数据结构_数学,K_后继_数学
K_二进制_数学,K_比特_数学
K_以太网_计算机科学技术,K_最短路径_计算机科学技术
K_迭代_计算机科学技术,K_递归算法_计算机科学技术
K_以太网_计算机科学技术,K_网络地址转换_计算机科学技术
K_基本运算_数学,K_乘法_数学
K_服务器_计算机科学技术,K_网络地址转换_计算机科学技术
K_基本运算_数学,K_乘法_数学
K_网络互联_计算机科学技术,K_虚拟世界_计算机科学技术
K_数据加密标准_计算机科学技术,K_鉴别信息_计算机科学技术
K_语法_数学,K_一元运算_数学
K_系统设计_数学,K_存储容量_数学
K_运算_数学,K_逻辑运算_数学
K_组合_数学,K_组合逻辑_数学
K_访问控制_计算机科学技术,K_鉴别数据_计算机科学技术
K_约束_数学,K_方程_数学
K_网络体系结构_计算机科学技术,K_虚拟世界_计算机科学技术
K_枚举_数学,K_排列_数学
K_比特_数学,K_数据通信_数学
K_迭代_计算机科学技术,K_层次遍历_计算机科学技术
K_代数_数学,K_组合逻辑_数学
K_开放系统互连_计算机科学技术,K_传输层_计算机科学技术
K_网络地址转换_计算机科学技术,K_远程访问_计算机科学技术
K_算术_数学,K_除法_数学
K_二进制_数学,K_译码器_数学
K_运算_数学,K_大于_数学
K_数学_数学,K_加法_数学
K_孩子_计算机科学技术,K_后序遍历_计算机科学技术
K_IP地址_计算机科学技术,K_网络地址转换_计算机科学技术
K_运算_数学,K_常数_数学
K_子网_计算机科学技术,K_网络地址转换_计算机科学技术
K_计算机_计算机科学技术,K_域名_计算机科学技术
K_图论_数学,K_后继_数学
K_符号_数学,K_负号_数学
K_服务集标识符_计算机科学技术,K_冲突避免_计算机科学技术
K_运算_数学,K_逻辑运算_数学
K_抽象数据类型_计算机科学技术,K_线性结构_计算机科学技术
K_计算机_计算机科学技术,K_广度优先搜索_计算机科学技术
K_交换式以太网_计算机科学技术,K_资源共享_计算机科学技术
K_计算机技术_计算机科学技术,K_应用程序_计算机科学技术
K_以太网_计算机科学技术,K_子网_计算机科学技术
K_二进制_数学,K_译码_数学
K_无线局域网_计算机科学技术,K_拒绝服务_计算机科学技术
K_无线局域网_计算机科学技术,K_信标帧_计算机科学技术
K_协议数据单元_计算机科学技术,K_标识符_计算机科学技术
K_连通域_计算机科学技术,K_广度优先搜索_计算机科学技术
K_以太网_计算机科学技术,K_无线局域网_计算机科学技术
K_数据通道_计算机科学技术,K_数据流_计算机科学技术
K_概率测度_数学,K_概率分布_数学
K_查找_计算机科学技术,K_平均查找长度_计算机科学技术
K_网络应用_计算机科学技术,K_无线局域网_计算机科学技术
K_访问控制_计算机科学技术,K_访问控制列表_计算机科学技术
K_二进制_数学,K_编码器_数学
K_数据结构_计算机科学技术,K_无向图_计算机科学技术
K_代数的_数学,K_逻辑运算_数学
K_二进制_数学,K_编码器_数学
K_指数_数学,K_指数和_数学
K_以太网_计算机科学技术,K_扩展服务集_计算机科学技术
K_协议数据单元_计算机科学技术,K_传输层_计算机科学技术
K_运算_数学,K_减法_数学
K_图论_数学,K_自环_数学
K_计算_数学,K_差错控制_数学
K_互联网_计算机科学技术,K_数据加密标准_计算机科学技术
K_无线局域网_计算机科学技术,K_漫游_计算机科学技术
K_代数_数学,K_函数_数学
K_网络体系结构_计算机科学技术,K_数据封装_计算机科学技术
K_计算机技术_计算机科学技术,K_服务数据单元_计算机科学技术
K_计算_数学,K_除法_数学
K_无线局域网_计算机科学技术,K_漫游_计算机科学技术
K_运算_数学,K_数值计算_数学
K_无线局域网_计算机科学技术,K_数据传送_计算机科学技术
K_算术_数学,K_度量_数学
K_数学_数学,K_常数_数学
K_数据结构_计算机科学技术,K_向量_计算机科学技术
K_祖先_计算机科学技术,K_中序遍历_计算机科学技术
K_一元运算_数学,K_阶乘_数学
K_运算_数学,K_图论_数学
K_符号_数学,K_绝对值_数学
K_孩子_计算机科学技术,K_兄弟_计算机科学技术
K_运算_数学,K_公式_数学
K_状态_数学,K_输出方程_数学
K_容量_数学,K_存储容量_数学
K_运算_数学,K_加法_数学
K_行向量_数学,K_矩阵表示_数学
K_标识_计算机科学技术,K_鉴别数据_计算机科学技术
K_计算机_计算机科学技术,K_实例_计算机科学技术
K_必要条件_数学,K_充要条件_数学
K_运算_数学,K_组合逻辑_数学
K_数学_数学,K_内积_数学
K_代数_数学,K_代数的_数学
K_减法_数学,K_多项式_数学
K_数学_数学,K_充要条件_数学
K_算术_数学,K_逻辑运算_数学
K_数学_数学,K_负整数_数学
K_运算_数学,K_分配律_数学
K_除法_数学,K_整除_数学
K_计算_数学,K_阶乘_数学
K_叶节点_计算机科学技术,K_兄弟_计算机科学技术
K_立方_数学,K_指数_数学
K_计算机_计算机科学技术,K_远程访问_计算机科学技术
K_网络体系结构_计算机科学技术,K_服务数据单元_计算机科学技术
K_物理结构_计算机科学技术,K_以太网_计算机科学技术
K_鉴别信息_计算机科学技术,K_密钥长度_计算机科学技术
K_软件_计算机科学技术,K_网络应用_计算机科学技术
K_服务集标识符_计算机科学技术,K_扩展服务集_计算机科学技术
K_查找_计算机科学技术,K_平均查找长度_计算机科学技术
K_代数_数学,K_离散化_数学
K_随机变量_数学,K_概率测度_数学
K_计算_数学,K_密码_数学
K_赋值_数学,K_算法_数学
K_正数_数学,K_负整数_数学
K_二进制_数学,K_信道容量_数学
K_数据结构_计算机科学技术,K_邻接矩阵_计算机科学技术
K_算术_数学,K_加法_数学
K_无向图_数学,K_自环_数学
K_排序_计算机科学技术,K_插入排序_计算机科学技术
K_数学_数学,K_除法_数学
K_以太网_计算机科学技术,K_交换式以太网_计算机科学技术
K_计算机技术_计算机科学技术,K_数据网络_计算机科学技术
K_标识_计算机科学技术,K_访问控制_计算机科学技术
K_域名_计算机科学技术,K_IP地址_计算机科学技术
K_减法_数学,K_区间_数学
K_IP地址_计算机科学技术,K_快速以太网_计算机科学技术
K_二进制_数学,K_组合逻辑_数学
K_基本输入输出系统_计算机科学技术,K_服务器_计算机科学技术
K_总体_数学,K_子集_数学
K_网络体系结构_计算机科学技术,K_协议数据单元_计算机科学技术
K_非对称数字用户线_计算机科学技术,K_以太网_计算机科学技术
K_运算_数学,K_方程_数学
K_加数_数学,K_函数_数学
K_代数的_数学,K_逻辑表达式_数学
K_极限定理_数学,K_微分方程_数学
K_代数_数学,K_整数_数学
K_信道容量_数学,K_传输速率_数学
K_算法_数学,K_有根树_数学
K_无线局域网_计算机科学技术,K_编址_计算机科学技术
K_互联网_计算机科学技术,K_传输层_计算机科学技术
K_相等_数学,K_算术_数学
K_比特_数学,K_数据传输_数学
K_全图_数学,K_无向图_数学
K_数据封装_计算机科学技术,K_进程间通信_计算机科学技术
K_计算_数学,K_差错控制_数学
K_正数_数学,K_度量_数学
K_代数的_数学,K_微分_数学
K_叶节点_计算机科学技术,K_孩子_计算机科学技术
K_总体_数学,K_补集_数学
K_算术_数学,K_小数点_数学
K_无线局域网_计算机科学技术,K_子网_计算机科学技术
K_代数_数学,K_逻辑符号_数学
K_运算_数学,K_函数_数学
K_网络应用_计算机科学技术,K_分布式计算_计算机科学技术
K_二进制_数学,K_数据通信_数学
K_基本运算_数学,K_对偶定理_数学
K_栈顶_计算机科学技术,K_空栈_计算机科学技术
K_二进制_数学,K_组合逻辑_数学
K_代数_数学,K_病态_数学
K_算术_数学,K_函数_数学
K_分支_数学,K_树表示_数学
K_无线局域网_计算机科学技术,K_非对称数字用户线_计算机科学技术
K_二进制_数学,K_译码器_数学
K_运算_数学,K_状态方程_数学
K_数学_数学,K_重构_数学
K_标识_计算机科学技术,K_消息鉴别码_计算机科学技术
K_代数_数学,K_运算_数学
K_算术_数学,K_算法_数学
K_迭代_计算机科学技术,K_递归算法_计算机科学技术
K_倍数_数学,K_偶数_数学
K_冲突检测_计算机科学技术,K_信标帧_计算机科学技术
K_乘法_数学,K_浮点数_数学
K_大于_数学,K_区间_数学
K_运算_数学,K_等式_数学
K_标识_计算机科学技术,K_安全关联_计算机科学技术
K_指数和_数学,K_多项式_数学
K_算法_数学,K_计算效率_数学
K_计算_数学,K_代入_数学
K_状态方程_数学,K_代数_数学
K_失真_数学,K_差错控制_数学
K_计算机_计算机科学技术,K_方面_计算机科学技术
K_信道容量_数学,K_传输速率_数学
K_计算机科学_计算机科学技术,K_实例_计算机科学技术
K_叶节点_计算机科学技术,K_孩子_计算机科学技术
K_计算机_计算机科学技术,K_非线性结构_计算机科学技术
K_插值_数学,K_分点_数学
K_计算机技术_计算机科学技术,K_操作系统_计算机科学技术
K_代数的_数学,K_方程_数学
K_运算_数学,K_加法_数学
K_计算机_计算机科学技术,K_哈希函数_计算机科学技术
K_计算机_计算机科学技术,K_封装_计算机科学技术
K_等于_数学,K_差错控制_数学
K_非线性结构_计算机科学技术,K_广度优先搜索_计算机科学技术
K_队列_计算机科学技术,K_层次遍历_计算机科学技术
K_数学_数学,K_运算_数学
K_协议族_计算机科学技术,K_IP地址_计算机科学技术
K_代数的_数学,K_小数点_数学
K_运算_数学,K_减法_数学
K_负号_数学,K_状态方程_数学
K_方法_计算机科学技术,K_画家算法_计算机科学技术
K_方法_计算机科学技术,K_选择排序_计算机科学技术
K_等于_数学,K_开区间_数学
K_数学_数学,K_级数求和_数学
K_运算_数学,K_病态_数学
K_代数的_数学,K_上积_数学
K_代数_数学,K_蕴涵_数学
K_数据通道_计算机科学技术,K_即时通信_计算机科学技术
K_整数_数学,K_微分方程_数学
K_计算机_计算机科学技术,K_并运算_计算机科学技术
K_代数的_数学,K_部分和_数学
K_运算_数学,K_计算方法_数学
K_子串_计算机科学技术,K_空串_计算机科学技术
K_整数_数学,K_量化_数学
K_计算_数学,K_除法_数学
K_计算机_计算机科学技术,K_队尾_计算机科学技术
K_算法分析_计算机科学技术,K_选择排序_计算机科学技术
K_数学_数学,K_对偶定理_数学
K_数学_数学,K_中点_数学
K_计算机_计算机科学技术,K_网络应用_计算机科学技术
K_运算_数学,K_绝对值_数学
K_加法_数学,K_交换律_数学
K_计算机科学_计算机科学技术,K_退出_计算机科学技术
K_计算机技术_计算机科学技术,K_基本输入输出系统_计算机科学技术
K_正整数_数学,K_浮点数_数学
K_等于_数学,K_加法_数学
K_运算_数学,K_指数和_数学
K_代数_数学,K_代数和_数学
K_鉴别数据_计算机科学技术,K_单向鉴别_计算机科学技术
K_代数_数学,K_直和_数学
K_等于_数学,K_减法_数学
K_标识_计算机科学技术,K_域名_计算机科学技术
K_计算机科学_计算机科学技术,K_查找_计算机科学技术
K_数学_数学,K_公共因子_数学
K_计算机_计算机科学技术,K_八进制_计算机科学技术
K_操作系统_计算机科学技术,K_数据组织_计算机科学技术
K_访问路径_计算机科学技术,K_上传_计算机科学技术
K_离差_数学,K_和校验_数学
K_标识_计算机科学技术,K_实轴_数学
K_数据结构_计算机科学技术,K_算法_计算机科学技术
K_多项式_数学,K_等式_数学
K_计算机_计算机科学技术,K_有根树_数学
K_除法_数学,K_分布式计算_计算机科学技术
K_计算机科学_计算机科学技术,K_基本输入输出系统_计算机科学技术
K_数据结构_计算机科学技术,K_分治_计算机科学技术
K_计算机科学_计算机科学技术,K_冲突避免_计算机科学技术
K_传输层_计算机科学技术,K_单臂路由器_计算机科学技术
K_数据通信_数学,K_访问路径_计算机科学技术
K_操作数_计算机科学技术,K_差错检验_计算机科学技术
K_计算机科学_计算机科学技术,K_单播_计算机科学技术
K_多项式_数学,K_算法_数学
K_整数_数学,K_密钥长度_计算机科学技术
K_计算机技术_计算机科学技术,K_分布式计算_计算机科学技术
K_算术_数学,K_乘法_数学
K_数据结构_计算机科学技术,K_传递函数_计算机科学技术
K_图的遍历_计算机科学技术,K_广度优先搜索_计算机科学技术
K_计算机技术_计算机科学技术,K_大数据_计算机科学技术
K_服务器_计算机科学技术,K_和校验_数学
K_公式_数学,K_微分方程_数学
K_传输层_计算机科学技术,K_数据通信_数学
K_操作系统_计算机科学技术,K_路由信息协议_计算机科学技术
K_计算_数学,K_冲突检测_计算机科学技术
K_阶乘_数学,K_鉴别信息_计算机科学技术
K_计算机_计算机科学技术,K_路由信息协议_计算机科学技术
K_计算机_计算机科学技术,K_幂集_数学
K_地址_计算机科学技术,K_传输层_计算机科学技术
K_逻辑运算_数学,K_公式_数学
K_计算科学_计算机科学技术,K_应用程序_计算机科学技术
K_计算机技术_计算机科学技术,K_部分和_数学
K_计算科学_计算机科学技术,K_网络地址转换_计算机科学技术
K_数组_计算机科学技术,K_队列_计算机科学技术
K_数学_数学,K_实轴_数学
K_最大传输单元_计算机科学技术,K_信道容量_数学
K_层次遍历_计算机科学技术,K_广度优先搜索_计算机科学技术
K_计算方法_计算机科学技术,K_中序遍历_计算机科学技术
K_分布式计算_计算机科学技术,K_域名_计算机科学技术
K_数理逻辑_数学,K_迭代_计算机科学技术
K_代数_数学,K_极值_数学
K_输入向量_数学,K_队头_计算机科学技术
K_数组_计算机科学技术,K_向量_计算机科学技术
K_运算_数学,K_极值_数学
K_计算机科学_计算机科学技术,K_计算方法_计算机科学技术
K_网络体系结构_计算机科学技术,K_互联网_计算机科学技术
K_域名_计算机科学技术,K_访问控制列表_计算机科学技术
K_余数_数学,K_和校验_数学
K_计算_数学,K_数据流_计算机科学技术
K_线性关系_数学,K_线性表_计算机科学技术
K_顺序查找_计算机科学技术,K_广度优先搜索_计算机科学技术
K_数组_计算机科学技术,K_哈希函数_计算机科学技术
K_查找_计算机科学技术,K_插入排序_计算机科学技术
K_常数_数学,K_偶数_数学
K_计算科学_计算机科学技术,K_动态分配_计算机科学技术
K_语法_数学,K_操作数_计算机科学技术
K_计算_数学,K_关联矩阵_数学
K_域名_计算机科学技术,K_广域网_计算机科学技术
K_计算科学_计算机科学技术,K_算法分析_计算机科学技术
K_一元运算_数学,K_相等_数学
K_计算机科学_计算机科学技术,K_传输速率_数学
K_连接点_计算机科学技术,K_广域网_计算机科学技术
K_实轴_数学,K_级数求和_数学
K_数据通信_数学,K_地址_计算机科学技术
K_常数_数学,K_数据加密标准_计算机科学技术
K_协议数据单元_计算机科学技术,K_密钥长度_计算机科学技术
K_软件_计算机科学技术,K_互联网_计算机科学技术
K_计算机技术_计算机科学技术,K_域名_计算机科学技术
K_访问控制_计算机科学技术,K_分布式计算_计算机科学技术
K_开区间_数学,K_下界_数学
K_数据传输_数学,K_和校验_数学
K_计算机科学_计算机科学技术,K_输入输出_计算机科学技术
K_减法_数学,K_正弦_数学
K_方法_计算机科学技术,K_内积_数学
K_运算_数学,K_协议控制信息_计算机科学技术
K_相等_数学,K_操作数_计算机科学技术
K_数学_数学,K_一元运算_数学
K_整数_数学,K_奇偶性_数学
K_结构图_计算机科学技术,K_广度优先搜索_计算机科学技术
K_计算机_计算机科学技术,K_更新_计算机科学技术
K_物理结构_计算机科学技术,K_先进先出_计算机科学技术
K_随机变量_数学,K_平均查找长度_计算机科学技术
K_数学_数学,K_排序_计算机科学技术
K_信号处理_计算机科学技术,K_数据流_计算机科学技术
K_跟踪_计算机科学技术,K_漫游_计算机科学技术
K_结构图_计算机科学技术,K_线性结构_计算机科学技术
K_计算机_计算机科学技术,K_选择排序_计算机科学技术
K_数据结构_计算机科学技术,K_深度优先搜索_计算机科学技术
K_服务器_计算机科学技术,K_漫游_计算机科学技术
K_计算机技术_计算机科学技术,K_系统实现_计算机科学技术
K_计算机_计算机科学技术,K_鉴别信息_计算机科学技术
K_算法_计算机科学技术,K_平均查找长度_计算机科学技术
K_正弦_数学,K_实轴_数学
K_无线局域网_计算机科学技术,K_入侵防御系统_计算机科学技术
K_ML语言_计算机科学技术,K_递归函数_数学
K_即时通信_计算机科学技术,K_双向通信_数学
K_拟合_数学,K_公式_数学
K_密钥长度_计算机科学技术,K_数据加密标准_计算机科学技术
K_数学_数学,K_上传_计算机科学技术
K_计算科学_计算机科学技术,K_阶乘_数学
K_选择排序_计算机科学技术,K_动态规划_计算机科学技术
K_整的_数学,K_实轴_数学
K_算法正确性_计算机科学技术,K_广度优先搜索_计算机科学技术
K_协议数据单元_计算机科学技术,K_数据通信_数学
K_路由信息协议_计算机科学技术,K_鉴别信息_计算机科学技术
K_概率分布_数学,K_拟合_数学
K_计算机技术_计算机科学技术,K_递归调用_计算机科学技术
K_连通图_计算机科学技术,K_孩子_计算机科学技术
K_数学_数学,K_逻辑表达式_数学
K_代数_数学,K_计算方法_数学
K_整的_数学,K_微分方程_数学
K_计算科学_计算机科学技术,K_逻辑运算_数学
K_计算机科学_计算机科学技术,K_IP地址_计算机科学技术
K_图的遍历_计算机科学技术,K_连接点_计算机科学技术
K_数学_数学,K_计算科学_计算机科学技术
K_代数的_数学,K_方面_计算机科学技术
K_数学_数学,K_离差_数学
K_代数的_数学,K_左值_计算机科学技术
K_大数据_计算机科学技术,K_快速以太网_计算机科学技术
K_参数_数学,K_微分方程_数学
K_程序设计_计算机科学技术,K_计算效率_数学
K_算术_数学,K_余数_数学
K_计算机技术_计算机科学技术,K_地址解析_计算机科学技术
K_减法_数学,K_乘法_数学
